date,price
01/01/2016,2252.6
02/01/2016,2454.5
03/01/2016,2708.1
04/01/2016,2577.8
05/01/2016,2597.75
06/01/2016,2617.7
07/01/2016,2903.8
08/01/2016,2887.8
09/01/2016,2813.8
10/01/2016,2786.8
11/01/2016,2759.8
12/01/2016,2549
13/01/2016,2335.6
14/01/2016,2332
15/01/2016,2365.8
16/01/2016,2367.066667
17/01/2016,2368.333333
18/01/2016,2369.6
19/01/2016,2359.4
20/01/2016,2394.1
21/01/2016,2395.6
22/01/2016,2390.3
23/01/2016,2393.333333
24/01/2016,2396.366667
25/01/2016,2399.4
26/01/2016,2420.9
27/01/2016,2428.8
28/01/2016,2431.2
29/01/2016,2430.2
30/01/2016,2437.85
31/01/2016,2445.5
01/02/2016,2453.15
02/02/2016,2460.8
03/02/2016,2695.2
04/02/2016,2718.25
05/02/2016,2741.3
06/02/2016,2625.3
07/02/2016,2772.9
08/02/2016,2920.5
09/02/2016,2832.7
10/02/2016,2812.5
11/02/2016,2792.3
12/02/2016,2563.4
13/02/2016,2589.566667
14/02/2016,2615.733333
15/02/2016,2641.9
16/02/2016,2645.9
17/02/2016,2659.8
18/02/2016,2654
19/02/2016,2708.9
20/02/2016,2694.133333
21/02/2016,2679.366667
22/02/2016,2664.6
23/02/2016,2687.1
24/02/2016,2752.8
25/02/2016,2719.5
26/02/2016,2710.6
27/02/2016,2715.333333
28/02/2016,2720.066667
29/02/2016,2724.8
01/03/2016,2596.8
02/03/2016,2468.8
03/03/2016,2704
04/03/2016,2730.2
05/03/2016,2756.4
06/03/2016,2678.2
07/03/2016,2793.2
08/03/2016,2908.2
09/03/2016,2857
10/03/2016,2805.8
11/03/2016,2785
12/03/2016,2746.533333
13/03/2016,2708.066667
14/03/2016,2669.6
15/03/2016,2655
16/03/2016,2656.3
17/03/2016,2733.6
18/03/2016,2671.6
19/03/2016,2665.333333
20/03/2016,2659.066667
21/03/2016,2652.8
22/03/2016,2674.9
23/03/2016,2603.4
24/03/2016,2622.1
25/03/2016,2619.7
26/03/2016,2620.7
27/03/2016,2621.7
28/03/2016,2622.7
29/03/2016,2620.6
30/03/2016,2631.8
31/03/2016,2629.4
01/04/2016,2299.8
02/04/2016,2521.5
03/04/2016,2753.5
04/04/2016,2598.5
05/04/2016,2737.8
06/04/2016,2825.55
07/04/2016,2913.3
08/04/2016,2922.3
09/04/2016,2831.2
10/04/2016,2740.1
11/04/2016,2791.5
12/04/2016,2721.45
13/04/2016,2651.4
14/04/2016,2634.1
15/04/2016,2626.2
16/04/2016,2631.2
17/04/2016,2636.2
18/04/2016,2641.2
19/04/2016,2678.4
20/04/2016,2659
21/04/2016,2651.6
22/04/2016,2652.2
23/04/2016,2651.8
24/04/2016,2651.4
25/04/2016,2651
26/04/2016,2657.8
27/04/2016,2658.9
28/04/2016,2681.6
29/04/2016,2741.7
30/04/2016,2521.5
01/05/2016,2301.3
02/05/2016,2495.1
03/05/2016,2552.9
04/05/2016,2610.7
05/05/2016,2738.6
06/05/2016,2827.7
07/05/2016,2916.8
08/05/2016,2876
09/05/2016,2834.8
10/05/2016,2713.4
11/05/2016,2626.75
12/05/2016,2540.1
13/05/2016,2712
14/05/2016,2728.733333
15/05/2016,2745.466667
16/05/2016,2762.2
17/05/2016,2738.9
18/05/2016,2731.7
19/05/2016,2681.2
20/05/2016,2716.8
21/05/2016,2710.133333
22/05/2016,2703.466667
23/05/2016,2696.8
24/05/2016,2678.3
25/05/2016,2653
26/05/2016,2641.8
27/05/2016,2613.5
28/05/2016,2614.666667
29/05/2016,2615.833333
30/05/2016,2617
31/05/2016,2611.5
01/06/2016,2329.8
02/06/2016,2421.3
03/06/2016,2512.8
04/06/2016,2604.3
05/06/2016,2753.8
06/06/2016,2675.5
07/06/2016,2956.6
08/06/2016,2904.85
09/06/2016,2853.1
10/06/2016,2679.9
11/06/2016,2614.05
12/06/2016,2548.2
13/06/2016,2752.7
14/06/2016,2776.5
15/06/2016,2775.2
16/06/2016,2823.2
17/06/2016,2788.9
18/06/2016,2779.2
19/06/2016,2769.5
20/06/2016,2759.8
21/06/2016,2759.9
22/06/2016,2748.6
23/06/2016,2734.7
24/06/2016,2841.6
25/06/2016,2856.5
26/06/2016,2871.4
27/06/2016,2886.3
28/06/2016,2855.6
29/06/2016,2875
30/06/2016,2859.1
01/07/2016,2369.5
02/07/2016,2546.9
03/07/2016,2724.3
04/07/2016,2654.3
05/07/2016,2657.9
06/07/2016,2661.5
07/07/2016,2936.7
08/07/2016,2902.35
09/07/2016,2868
10/07/2016,2694.7
11/07/2016,2748.7
12/07/2016,2552.1
13/07/2016,2887.4
14/07/2016,2847.2
15/07/2016,2847
16/07/2016,2856.866667
17/07/2016,2866.733333
18/07/2016,2876.6
19/07/2016,2868.6
20/07/2016,2837.9
21/07/2016,2848.8
22/07/2016,2847.4
23/07/2016,2841.833333
24/07/2016,2836.266667
25/07/2016,2830.7
26/07/2016,2863.2
27/07/2016,2873.7
28/07/2016,2891.9
29/07/2016,2886
30/07/2016,2709.333333
31/07/2016,2532.666667
01/08/2016,2356
02/08/2016,2597.3
03/08/2016,2724
04/08/2016,2654.8
05/08/2016,2679.9
06/08/2016,2705
07/08/2016,2934
08/08/2016,2868.3
09/08/2016,2864.2
10/08/2016,2798.15
11/08/2016,2732.1
12/08/2016,2534.6
13/08/2016,2648.633333
14/08/2016,2762.666667
15/08/2016,2876.7
16/08/2016,2884.8
17/08/2016,2883.4
18/08/2016,2902.5
19/08/2016,2889.3
20/08/2016,2885.866667
21/08/2016,2882.433333
22/08/2016,2879
23/08/2016,2894.6
24/08/2016,2857.4
25/08/2016,2842.5
26/08/2016,2837.7
27/08/2016,2839.133333
28/08/2016,2840.566667
29/08/2016,2842
30/08/2016,2839.6
31/08/2016,2822.3
01/09/2016,2711
02/09/2016,2599.7
03/09/2016,2693.4
04/09/2016,2699.2
05/09/2016,2705
06/09/2016,2698.2
07/09/2016,2787.45
08/09/2016,2876.7
09/09/2016,2847.2
10/09/2016,2791.1
11/09/2016,2735
12/09/2016,2521.7
13/09/2016,2848.5
14/09/2016,2846.3
15/09/2016,2812.3
16/09/2016,2808.2
17/09/2016,2815.8
18/09/2016,2823.4
19/09/2016,2831
20/09/2016,2824.7
21/09/2016,2852.2
22/09/2016,2880
23/09/2016,2862.5
24/09/2016,2865.133333
25/09/2016,2867.766667
26/09/2016,2870.4
27/09/2016,2837
28/09/2016,2820
29/09/2016,2812.6
30/09/2016,2837.7
01/10/2016,2715.45
02/10/2016,2593.2
03/10/2016,2727.3
04/10/2016,2715.75
05/10/2016,2704.2
06/10/2016,2731.8
07/10/2016,2810.4
08/10/2016,2889
09/10/2016,2788.35
10/10/2016,2687.7
11/10/2016,2728.3
12/10/2016,2715.55
13/10/2016,2702.8
14/10/2016,2678.4
15/10/2016,2682.366667
16/10/2016,2686.333333
17/10/2016,2690.3
18/10/2016,2694.4
19/10/2016,2714.4
20/10/2016,2728.6
21/10/2016,2720.5
22/10/2016,2719.5
23/10/2016,2718.5
24/10/2016,2717.5
25/10/2016,2722.5
26/10/2016,2725.8
27/10/2016,2717.8
28/10/2016,2729.6
29/10/2016,2727.766667
30/10/2016,2725.933333
31/10/2016,2724.1
01/11/2016,2362
02/11/2016,2704.5
03/11/2016,2728.2
04/11/2016,2680.5
05/11/2016,2730.4
06/11/2016,2827.6
07/11/2016,2924.8
08/11/2016,2903.9
09/11/2016,2796.6
10/11/2016,2689.3
11/11/2016,2688
12/11/2016,2674.233333
13/11/2016,2660.466667
14/11/2016,2646.7
15/11/2016,2670.7
16/11/2016,2686.5
17/11/2016,2675.2
18/11/2016,2648.4
19/11/2016,2652.033333
20/11/2016,2655.666667
21/11/2016,2659.3
22/11/2016,2662.2
23/11/2016,2620.9
24/11/2016,2618.2
25/11/2016,2614.6
26/11/2016,2614.033333
27/11/2016,2613.466667
28/11/2016,2612.9
29/11/2016,2614.2
30/11/2016,2592.9
01/12/2016,2326.9
02/12/2016,2723.7
03/12/2016,2697.25
04/12/2016,2670.8
05/12/2016,2732.1
06/12/2016,2813.05
07/12/2016,2894
08/12/2016,2898
09/12/2016,2840.2
10/12/2016,2695.2
11/12/2016,2598.25
12/12/2016,2501.3
13/12/2016,2510.3
14/12/2016,2517
15/12/2016,2456.5
16/12/2016,2463.8
17/12/2016,2467.266667
18/12/2016,2470.733333
19/12/2016,2474.2
20/12/2016,2457.4
21/12/2016,2467.5
22/12/2016,2464.6
23/12/2016,2464.1
24/12/2016,2463.133333
25/12/2016,2462.166667
26/12/2016,2461.2
27/12/2016,2469.3
28/12/2016,2484.3
29/12/2016,2498.1
30/12/2016,2497.8
31/12/2016,2534.033333
01/01/2017,2570.266667
02/01/2017,2606.5
03/01/2017,2658.8
04/01/2017,2635.6
05/01/2017,2612.4
06/01/2017,2614.5
07/01/2017,2614.7
08/01/2017,2614.9
09/01/2017,2705.2
10/01/2017,2675.95
11/01/2017,2646.7
12/01/2017,2642.7
13/01/2017,2604.9
14/01/2017,2613.066667
15/01/2017,2621.233333
16/01/2017,2629.4
17/01/2017,2651.1
18/01/2017,2656.1
19/01/2017,2614.4
20/01/2017,2622.3
21/01/2017,2631.966667
22/01/2017,2641.633333
23/01/2017,2651.3
24/01/2017,2661.1
25/01/2017,2610
26/01/2017,2603.8
27/01/2017,2589
28/01/2017,2591.433333
29/01/2017,2593.866667
30/01/2017,2596.3
31/01/2017,2627.3
01/02/2017,2506.5
02/02/2017,2636.2
03/02/2017,2654.9
04/02/2017,2620.45
05/02/2017,2586
06/02/2017,2629.9
07/02/2017,2611.65
08/02/2017,2593.4
09/02/2017,2637.3
10/02/2017,2681.2
11/02/2017,2651.5
12/02/2017,2640.05
13/02/2017,2628.6
14/02/2017,2642.4
15/02/2017,2627.2
16/02/2017,2673.4
17/02/2017,2675
18/02/2017,2669.133333
19/02/2017,2663.266667
20/02/2017,2657.4
21/02/2017,2653.2
22/02/2017,2659
23/02/2017,2671.4
24/02/2017,2684.1
25/02/2017,2686.666667
26/02/2017,2689.233333
27/02/2017,2691.8
28/02/2017,2687.6
01/03/2017,2525.8
02/03/2017,2618.9
03/03/2017,2629.5
04/03/2017,2603.5
05/03/2017,2588.7
06/03/2017,2573.9
07/03/2017,2559.1
08/03/2017,2593
09/03/2017,2632.45
10/03/2017,2671.9
11/03/2017,2630.2
12/03/2017,2594.1
13/03/2017,2558
14/03/2017,2544.1
15/03/2017,2523
16/03/2017,2581.8
17/03/2017,2582.5
18/03/2017,2583.033333
19/03/2017,2583.566667
20/03/2017,2584.1
21/03/2017,2607.1
22/03/2017,2622.8
23/03/2017,2621.1
24/03/2017,2619.1
25/03/2017,2621.466667
26/03/2017,2623.833333
27/03/2017,2626.2
28/03/2017,2625.1
29/03/2017,2605.4
30/03/2017,2597
31/03/2017,2591.8
01/04/2017,2537.8
02/04/2017,2567.1
03/04/2017,2596.4
04/04/2017,2625.7
05/04/2017,2532.8
06/04/2017,2538.55
07/04/2017,2544.3
08/04/2017,2569.7
09/04/2017,2739.1
10/04/2017,2661.8
11/04/2017,2646.9
12/04/2017,2632
13/04/2017,2658.8
14/04/2017,2658.2
15/04/2017,2657.233333
16/04/2017,2656.266667
17/04/2017,2655.3
18/04/2017,2651.3
19/04/2017,2654.8
20/04/2017,2663.6
21/04/2017,2660.2
22/04/2017,2649.466667
23/04/2017,2638.733333
24/04/2017,2628
25/04/2017,2618
26/04/2017,2597.5
27/04/2017,2599
28/04/2017,2612.4
29/04/2017,2594.733333
30/04/2017,2577.066667
01/05/2017,2559.4
02/05/2017,2573.2
03/05/2017,2587
04/05/2017,2600.8
05/05/2017,2532.4
06/05/2017,2643.5
07/05/2017,2538.3
08/05/2017,2643.3
09/05/2017,2748.3
10/05/2017,2664.8
11/05/2017,2640.75
12/05/2017,2616.7
13/05/2017,2589.366667
14/05/2017,2562.033333
15/05/2017,2534.7
16/05/2017,2537.3
17/05/2017,2588.3
18/05/2017,2618.6
19/05/2017,2615.9
20/05/2017,2613.2
21/05/2017,2610.5
22/05/2017,2607.8
23/05/2017,2625.1
24/05/2017,2604.4
25/05/2017,2604.4
26/05/2017,2620.4
27/05/2017,2620.533333
28/05/2017,2620.666667
29/05/2017,2620.8
30/05/2017,2617.6
31/05/2017,2622
01/06/2017,2570.8
02/06/2017,2646.4
03/06/2017,2633.3
04/06/2017,2596.8
05/06/2017,2636
06/06/2017,2675.2
07/06/2017,2544.9
08/06/2017,2648
09/06/2017,2751.1
10/06/2017,2651.8
11/06/2017,2636
12/06/2017,2618.7
13/06/2017,2607.5
14/06/2017,2623.1
15/06/2017,2601.7
16/06/2017,2597.8
17/06/2017,2593
18/06/2017,2588.2
19/06/2017,2583.4
20/06/2017,2577.7
21/06/2017,2576.1
22/06/2017,2594.1
23/06/2017,2598.9
24/06/2017,2590.8
25/06/2017,2582.7
26/06/2017,2574.6
27/06/2017,2586.1
28/06/2017,2584.1
29/06/2017,2586.4
30/06/2017,2576.8
01/07/2017,2619.05
02/07/2017,2661.3
03/07/2017,2602.1
04/07/2017,2612.4
05/07/2017,2641.55
06/07/2017,2670.7
07/07/2017,2520.6
08/07/2017,2578.2
09/07/2017,2759
10/07/2017,2713.45
11/07/2017,2667.9
12/07/2017,2600.2
13/07/2017,2522.1
14/07/2017,2538.6
15/07/2017,2542
16/07/2017,2545.4
17/07/2017,2548.8
18/07/2017,2562.4
19/07/2017,2562.4
20/07/2017,2559.7
21/07/2017,2580.5
22/07/2017,2585.366667
23/07/2017,2590.233333
24/07/2017,2595.1
25/07/2017,2595
26/07/2017,2577.6
27/07/2017,2595.9
28/07/2017,2603.3
29/07/2017,2606
30/07/2017,2608.7
31/07/2017,2611.4
01/08/2017,2642.35
02/08/2017,2673.3
03/08/2017,2591.6
04/08/2017,2566.3
05/08/2017,2541
06/08/2017,2625.9
07/08/2017,2589.1
08/08/2017,2552.3
09/08/2017,2763.4
10/08/2017,2719.95
11/08/2017,2676.5
12/08/2017,2587.1
13/08/2017,2612.25
14/08/2017,2637.4
15/08/2017,2618.5
16/08/2017,2621.7
17/08/2017,2644.1
18/08/2017,2666
19/08/2017,2665.133333
20/08/2017,2664.266667
21/08/2017,2663.4
22/08/2017,2654.3
23/08/2017,2645.2
24/08/2017,2650
25/08/2017,2640.7
26/08/2017,2637.9
27/08/2017,2635.1
28/08/2017,2632.3
29/08/2017,2706.9
30/08/2017,2688.2
31/08/2017,2694
01/09/2017,2575.8
02/09/2017,2649.8
03/09/2017,2581.6
04/09/2017,2557.9
05/09/2017,2534.2
06/09/2017,2617
07/09/2017,2597.4
08/09/2017,2577.8
09/09/2017,2631.65
10/09/2017,2685.5
11/09/2017,2684.7
12/09/2017,2708.9
13/09/2017,2733.1
14/09/2017,2729.4
15/09/2017,2722.8
16/09/2017,2715.933333
17/09/2017,2709.066667
18/09/2017,2702.2
19/09/2017,2703.3
20/09/2017,2708.5
21/09/2017,2692.2
22/09/2017,2696
23/09/2017,2700.633333
24/09/2017,2705.266667
25/09/2017,2709.9
26/09/2017,2731.7
27/09/2017,2697.2
28/09/2017,2695.2
29/09/2017,2691.4
30/09/2017,2649
01/10/2017,2606.6
02/10/2017,2634.9
03/10/2017,2572.1
04/10/2017,2591
05/10/2017,2533.4
06/10/2017,2520.8
07/10/2017,2508.2
08/10/2017,2641
09/10/2017,2672.2
10/10/2017,2703.4
11/10/2017,2694.5
12/10/2017,2696.96
13/10/2017,2699.42
14/10/2017,2701.88
15/10/2017,2704.34
16/10/2017,2706.8
17/10/2017,2681.8
18/10/2017,2673.8
19/10/2017,2683.9
20/10/2017,2674.9
21/10/2017,2670.266667
22/10/2017,2665.633333
23/10/2017,2661
24/10/2017,2671.6
25/10/2017,2657.2
26/10/2017,2654.6
27/10/2017,2640.8
28/10/2017,2643.033333
29/10/2017,2645.266667
30/10/2017,2647.5
31/10/2017,2639.9
01/11/2017,2583.1
02/11/2017,2589.3
03/11/2017,2595.5
04/11/2017,2601.7
05/11/2017,2528.3
06/11/2017,2518.55
07/11/2017,2508.8
08/11/2017,2644.4
09/11/2017,2738.2
10/11/2017,2696.6
11/11/2017,2636.7
12/11/2017,2576.8
13/11/2017,2685.8
14/11/2017,2676.7
15/11/2017,2689.5
16/11/2017,2680.6
17/11/2017,2680.4
18/11/2017,2682.033333
19/11/2017,2683.666667
20/11/2017,2685.3
21/11/2017,2670
22/11/2017,2680.2
23/11/2017,2675.5
24/11/2017,2674.4
25/11/2017,2676.3
26/11/2017,2678.2
27/11/2017,2680.1
28/11/2017,2671.1
29/11/2017,2654
30/11/2017,2649.4
01/12/2017,2629.8
02/12/2017,2635.8
03/12/2017,2641.8
04/12/2017,2647.8
05/12/2017,2535.6
06/12/2017,2621.2
07/12/2017,2519.9
08/12/2017,2623.2
09/12/2017,2726.5
10/12/2017,2694
11/12/2017,2632.9
12/12/2017,2571.8
13/12/2017,2567.9
14/12/2017,2579.7
15/12/2017,2579.6
16/12/2017,2586.233333
17/12/2017,2592.866667
18/12/2017,2599.5
19/12/2017,2591.5
20/12/2017,2597.1
21/12/2017,2599
22/12/2017,2598.7
23/12/2017,2598.7
24/12/2017,2598.7
25/12/2017,2598.7
26/12/2017,2599.5
27/12/2017,2634.6
28/12/2017,2655.5
29/12/2017,2644.8
30/12/2017,2645.033333
31/12/2017,2645.266667
01/01/2018,2645.5
02/01/2018,2754.1
03/01/2018,2739.7
04/01/2018,2767.8
05/01/2018,2795.9
06/01/2018,2779.9
07/01/2018,2753.3
08/01/2018,2667.9
09/01/2018,2731.7
10/01/2018,2806.1
11/01/2018,2900.7
12/01/2018,2735.6
13/01/2018,2734.033333
14/01/2018,2732.466667
15/01/2018,2730.9
16/01/2018,2741
17/01/2018,2738.2
18/01/2018,2731.8
19/01/2018,2736
20/01/2018,2736.066667
21/01/2018,2736.133333
22/01/2018,2736.2
23/01/2018,2729.5
24/01/2018,2763.4
25/01/2018,2760.5
26/01/2018,2763
27/01/2018,2757.4
28/01/2018,2751.8
29/01/2018,2746.2
30/01/2018,2753.5
31/01/2018,2745.3
01/02/2018,2672.5
02/02/2018,2740.1
03/02/2018,2769.2
04/02/2018,2767.9
05/02/2018,2797.3
06/02/2018,2781.1
07/02/2018,2738.7
08/02/2018,2661.5
09/02/2018,2733.2
10/02/2018,2832
11/02/2018,2885.8
12/02/2018,2737.6
13/02/2018,2734.5
14/02/2018,2749.3
15/02/2018,2775.7
16/02/2018,2793.2
17/02/2018,2791.1
18/02/2018,2789
19/02/2018,2786.9
20/02/2018,2791.7
21/02/2018,2766.4
22/02/2018,2771
23/02/2018,2765.4
24/02/2018,2768.066667
25/02/2018,2770.733333
26/02/2018,2773.4
27/02/2018,2771.5
28/02/2018,2759.6
01/03/2018,2677.7
02/03/2018,2712.633333
03/03/2018,2747.566667
04/03/2018,2782.5
05/03/2018,2807.2
06/03/2018,2778.4
07/03/2018,2755.9
08/03/2018,2669.2
09/03/2018,2744.9
10/03/2018,2842.1
11/03/2018,2885.7
12/03/2018,2786.3
13/03/2018,2747.6
14/03/2018,2755.3
15/03/2018,2749.5
16/03/2018,2736.3
17/03/2018,2741.333333
18/03/2018,2746.366667
19/03/2018,2751.4
20/03/2018,2747.2
21/03/2018,2765.8
22/03/2018,2778
23/03/2018,2809.3
24/03/2018,2809.1
25/03/2018,2808.9
26/03/2018,2808.7
27/03/2018,2791.8
28/03/2018,2785.9
29/03/2018,2765.6
30/03/2018,2763.5
31/03/2018,2719.3
01/04/2018,2675.1
02/04/2018,2713.566667
03/04/2018,2752.033333
04/04/2018,2790.5
05/04/2018,2818.4
06/04/2018,2781.9
07/04/2018,2783.1
08/04/2018,2668
09/04/2018,2733.9
10/04/2018,2840.3
11/04/2018,2885.7
12/04/2018,2807.7
13/04/2018,2814.6
14/04/2018,2821.433333
15/04/2018,2828.266667
16/04/2018,2835.1
17/04/2018,2829.2
18/04/2018,2851.7
19/04/2018,2864.3
20/04/2018,2841.3
21/04/2018,2837.066667
22/04/2018,2832.833333
23/04/2018,2828.6
24/04/2018,2832.4
25/04/2018,2840.6
26/04/2018,2835.1
27/04/2018,2825.8
28/04/2018,2819.333333
29/04/2018,2812.866667
30/04/2018,2806.4
01/05/2018,2676.1
02/05/2018,2742.7
03/05/2018,2757.7
04/05/2018,2763.2
05/05/2018,2820.6
06/05/2018,2792
07/05/2018,2776.3
08/05/2018,2668
09/05/2018,2746.5
10/05/2018,2863.7
11/05/2018,2878.7
12/05/2018,2804.8
13/05/2018,2849.7
14/05/2018,2854.8
15/05/2018,2828.5
16/05/2018,2804.4
17/05/2018,2810.7
18/05/2018,2819.2
19/05/2018,2819.3
20/05/2018,2819.3
21/05/2018,2821.8
22/05/2018,2823.5
23/05/2018,2836.5
24/05/2018,2859.5
25/05/2018,2826.2
26/05/2018,2829
27/05/2018,2829.1
28/05/2018,2807.8
29/05/2018,2832.3
30/05/2018,2819.3
31/05/2018,2812.8
01/06/2018,2779.65
02/06/2018,2746.5
03/06/2018,2773.9
04/06/2018,2773.5
05/06/2018,2820.6
06/06/2018,2781.6
07/06/2018,2770.7
08/06/2018,2666.4
09/06/2018,2771.3
10/06/2018,2860.4
11/06/2018,2874.5
12/06/2018,2807.7
13/06/2018,2816.9
14/06/2018,2837.6
15/06/2018,2801.7
16/06/2018,2798.8
17/06/2018,2798
18/06/2018,2792.4
19/06/2018,2785.1
20/06/2018,2772.3
21/06/2018,2760.5
22/06/2018,2767.2
23/06/2018,2764.3
24/06/2018,2764.3
25/06/2018,2767.9
26/06/2018,2763.4
27/06/2018,2771
28/06/2018,2758.2
29/06/2018,2751.8
30/06/2018,2753.3
01/07/2018,2742.15
02/07/2018,2731
03/07/2018,2771.9
04/07/2018,2801.95
05/07/2018,2832
06/07/2018,2806.8
07/07/2018,2770.1
08/07/2018,2665.4
09/07/2018,2768.7
10/07/2018,2848
11/07/2018,2851.9
12/07/2018,2863.4
13/07/2018,2729.4
14/07/2018,2728.9
15/07/2018,2728.9
16/07/2018,2728.7
17/07/2018,2694.8
18/07/2018,2698.6
19/07/2018,2705.7
20/07/2018,2716.2
21/07/2018,2717.6
22/07/2018,2717.5
23/07/2018,2710.8
24/07/2018,2707.5
25/07/2018,2712.3
26/07/2018,2698.3
27/07/2018,2696.2
28/07/2018,2694.5
29/07/2018,2694.5
30/07/2018,2692.7
31/07/2018,2692.7
01/08/2018,2690.1
02/08/2018,2722.7
03/08/2018,2762.4
04/08/2018,2798.65
05/08/2018,2834.9
06/08/2018,2815
07/08/2018,2770.1
08/08/2018,2668
09/08/2018,2768.7
10/08/2018,2818.3
11/08/2018,2850
12/08/2018,2859.5
13/08/2018,2683.9
14/08/2018,2681.8
15/08/2018,2651.2
16/08/2018,2637.9
17/08/2018,2651.8
18/08/2018,2653.8
19/08/2018,2653.7
20/08/2018,2665
21/08/2018,2675.8
22/08/2018,2681.9
23/08/2018,2674.6
24/08/2018,2699.7
25/08/2018,2699.6
26/08/2018,2699.6
27/08/2018,2718.3
28/08/2018,2707.4
29/08/2018,2734.6
30/08/2018,2737.6
31/08/2018,2725.6
01/09/2018,2679.6
02/09/2018,2715.1
03/09/2018,2755.4
04/09/2018,2772.1
05/09/2018,2837.2
06/09/2018,2815.3
07/09/2018,2772.9
08/09/2018,2679.6
09/09/2018,2768.7
10/09/2018,2829.8
11/09/2018,2819.9
12/09/2018,2859.5
13/09/2018,2763.1
14/09/2018,2764.2
15/09/2018,2761.5
16/09/2018,2761.5
17/09/2018,2797
18/09/2018,2797.1
19/09/2018,2781.8
20/09/2018,2779.7
21/09/2018,2779.5
22/09/2018,2779.5
23/09/2018,2779.7
24/09/2018,2807.4
25/09/2018,2802.5
26/09/2018,2775.4
27/09/2018,2760.1
28/09/2018,2773.8
29/09/2018,2775.1
30/09/2018,2775.1
01/10/2018,2701.7
02/10/2018,2731.8
03/10/2018,2761.9
04/10/2018,2792
05/10/2018,2844.7
06/10/2018,2815.4
07/10/2018,2767
08/10/2018,2688
09/10/2018,2786.7
10/10/2018,2847.1
11/10/2018,2814
12/10/2018,2894.6
13/10/2018,2879.8
14/10/2018,2879.8
15/10/2018,2903
16/10/2018,2880.9
17/10/2018,2888.6
18/10/2018,2902.5
19/10/2018,2893.4
20/10/2018,2892.7
21/10/2018,2892.7
22/10/2018,2891.3
23/10/2018,2892.7
24/10/2018,2899.5
25/10/2018,2893.7
26/10/2018,2894.9
27/10/2018,2894.7
28/10/2018,2894.5
29/10/2018,2906
30/10/2018,2893.6
31/10/2018,2892.7
01/11/2018,2703.7
02/11/2018,2744.3
03/11/2018,2784.9
04/11/2018,2825.5
05/11/2018,2854.5
06/11/2018,2818.4
07/11/2018,2744.8
08/11/2018,2686.4
09/11/2018,2791
10/11/2018,2898.7
11/11/2018,2820.3
12/11/2018,2884.3
13/11/2018,2786.7
14/11/2018,2806
15/11/2018,2797.3
16/11/2018,2816.5
17/11/2018,2814.7
18/11/2018,2814.7
19/11/2018,2808.3
20/11/2018,2800.2
21/11/2018,2800.3
22/11/2018,2796
23/11/2018,2770.6
24/11/2018,2771
25/11/2018,2772.1
26/11/2018,2774.9
27/11/2018,2759.6
28/11/2018,2760.7
29/11/2018,2740.4
30/11/2018,2736.6
01/12/2018,2709.6
02/12/2018,2729
03/12/2018,2752.1
04/12/2018,2811.3
05/12/2018,2851.1
06/12/2018,2812.9
07/12/2018,2735.1
08/12/2018,2686.4
09/12/2018,2784.9
10/12/2018,2881.5
11/12/2018,2811.3
12/12/2018,2872.5
13/12/2018,2851.6
14/12/2018,2860.3
15/12/2018,2860.4
16/12/2018,2860.4
17/12/2018,2863.9
18/12/2018,2818.2
19/12/2018,2811.9
20/12/2018,2839
21/12/2018,2827.9
22/12/2018,2827.7
23/12/2018,2827.3
24/12/2018,2851.9
25/12/2018,2857.4
26/12/2018,2849
27/12/2018,2871.5
28/12/2018,2869
29/12/2018,2869
30/12/2018,2869
31/12/2018,2859.1
01/01/2019,2865.8
02/01/2019,3024.5
03/01/2019,2948.5
04/01/2019,2858.7
05/01/2019,2853.4
06/01/2019,2915.3
07/01/2019,3061.5
08/01/2019,3208.9
09/01/2019,3507.2
10/01/2019,3378.4
11/01/2019,3424.8
12/01/2019,3372.2
13/01/2019,2909.3
14/01/2019,2933.8
15/01/2019,2946.5
16/01/2019,2947.8
17/01/2019,2944.5
18/01/2019,2931.8
19/01/2019,2930.7
20/01/2019,2930.7
21/01/2019,2925.6
22/01/2019,2939.9
23/01/2019,2932
24/01/2019,2918.2
25/01/2019,2957.6
26/01/2019,2969.1
27/01/2019,2969.1
28/01/2019,2971
29/01/2019,3006.2
30/01/2019,3003
31/01/2019,3008.6
01/02/2019,2879.6
02/02/2019,3023.5
03/02/2019,2947.3
04/02/2019,2857
05/02/2019,2832.8
06/02/2019,2915.4
07/02/2019,3125.8
08/02/2019,3221.5
09/02/2019,3534.2
10/02/2019,3424.3
11/02/2019,3427.2
12/02/2019,3364.8
13/02/2019,2969.4
14/02/2019,2992.9
15/02/2019,3026.9
16/02/2019,3025.7
17/02/2019,3025.5
18/02/2019,3040.6
19/02/2019,3066.7
20/02/2019,3056.6
21/02/2019,3030.9
22/02/2019,3026.6
23/02/2019,3027.7
24/02/2019,3027.7
25/02/2019,3019.4
26/02/2019,3026.4
27/02/2019,3013.7
28/02/2019,2987.4
01/03/2019,2908.7
02/03/2019,3023.3
03/03/2019,2947.3
04/03/2019,2832.7
05/03/2019,2837.9
06/03/2019,2941.2
07/03/2019,3131.7
08/03/2019,3221.5
09/03/2019,3580.1
10/03/2019,3433.4
11/03/2019,3427.2
12/03/2019,3407.3
13/03/2019,2932.2
14/03/2019,2886
15/03/2019,2880.8
16/03/2019,2883
17/03/2019,2883
18/03/2019,2867.3
19/03/2019,2894.3
20/03/2019,2889.8
21/03/2019,2885.8
22/03/2019,2917
23/03/2019,2915.9
24/03/2019,2915.8
25/03/2019,2925.7
26/03/2019,2915.4
27/03/2019,2900.3
28/03/2019,2865.7
29/03/2019,2878.1
30/03/2019,2880.3
31/03/2019,2880.3
01/04/2019,2867
02/04/2019,3022.7
03/04/2019,2930.3
04/04/2019,2864.2
05/04/2019,2839.9
06/04/2019,2950.3
07/04/2019,3115.1
08/04/2019,3221.5
09/04/2019,3590.4
10/04/2019,3421.3
11/04/2019,3430.4
12/04/2019,3383.7
13/04/2019,2865.9
14/04/2019,2866.2
15/04/2019,2871.9
16/04/2019,2849
17/04/2019,2840
18/04/2019,2841.7
19/04/2019,2840.4
20/04/2019,2841.5
21/04/2019,2841.5
22/04/2019,2853.3
23/04/2019,2849
24/04/2019,2867.7
25/04/2019,2878.1
26/04/2019,2883
27/04/2019,2883.2
28/04/2019,2883.2
29/04/2019,2868.2
30/04/2019,2866.1
01/05/2019,2868
02/05/2019,3017.9
03/05/2019,2914.2
04/05/2019,2870.1
05/05/2019,2839.9
06/05/2019,2963.6
07/05/2019,3076.5
08/05/2019,3340.2
09/05/2019,3503.4
10/05/2019,3419.5
11/05/2019,3372.3
12/05/2019,3374.5
13/05/2019,2942.4
14/05/2019,2928.2
15/05/2019,2923.6
16/05/2019,2899.2
17/05/2019,2885.8
18/05/2019,2885.4
19/05/2019,2885.4
20/05/2019,2866.3
21/05/2019,2850.5
22/05/2019,2848.6
23/05/2019,2871
24/05/2019,2862.2
25/05/2019,2861.6
26/05/2019,2861.2
27/05/2019,2866.6
28/05/2019,2861
29/05/2019,2868.4
30/05/2019,2885
31/05/2019,2915.9
01/06/2019,2868.1
02/06/2019,3005.2
03/06/2019,2893.2
04/06/2019,2870.4
05/06/2019,2847.1
06/06/2019,2956.2
07/06/2019,3073.7
08/06/2019,3354.5
09/06/2019,3463.9
10/06/2019,3419.5
11/06/2019,3400.3
12/06/2019,3340.8
13/06/2019,2994.4
14/06/2019,3008.8
15/06/2019,3008.7
16/06/2019,3008.7
17/06/2019,3004
18/06/2019,3002.6
19/06/2019,3026.7
20/06/2019,3099.2
21/06/2019,3125.8
22/06/2019,3124.7
23/06/2019,3124.7
24/06/2019,3155.9
25/06/2019,3167.2
26/06/2019,3129.6
27/06/2019,3122.6
28/06/2019,3123.1
29/06/2019,3120.5
30/06/2019,3120.5
01/07/2019,2888.1
02/07/2019,3000.3
03/07/2019,2898.3
04/07/2019,2870.4
05/07/2019,2870.5
06/07/2019,2987.1
07/07/2019,3073.7
08/07/2019,3415.9
09/07/2019,3468.5
10/07/2019,3404
11/07/2019,3346
12/07/2019,3341.1
13/07/2019,3115.2
14/07/2019,3115.2
15/07/2019,3113.2
16/07/2019,3094.4
17/07/2019,3148
18/07/2019,3187
19/07/2019,3152.8
20/07/2019,3154.1
21/07/2019,3154.1
22/07/2019,3154.7
23/07/2019,3144.3
24/07/2019,3156.1
25/07/2019,3139.9
26/07/2019,3133.9
27/07/2019,3135.2
28/07/2019,3135.2
29/07/2019,3147.6
30/07/2019,3163.1
31/07/2019,3137.9
01/08/2019,2893.6
02/08/2019,3005.9
03/08/2019,2922.2
04/08/2019,2898.1
05/08/2019,2869.2
06/08/2019,2986.5
07/08/2019,3068.1
08/08/2019,3403.2
09/08/2019,3468.5
10/08/2019,3443.8
11/08/2019,3349
12/08/2019,3341.1
13/08/2019,3417.6
14/08/2019,3473
15/08/2019,3493.3
16/08/2019,3462.6
17/08/2019,3453.6
18/08/2019,3453.5
19/08/2019,3444.2
20/08/2019,3461.1
21/08/2019,3444.8
22/08/2019,3459.3
23/08/2019,3519.3
24/08/2019,3518.5
25/08/2019,3518.5
26/08/2019,3520.7
27/08/2019,3542
28/08/2019,3546.9
29/08/2019,3516.4
30/08/2019,3508.9
31/08/2019,3507.2
01/09/2019,2924.3
02/09/2019,3001.5
03/09/2019,2917.5
04/09/2019,2899.8
05/09/2019,2886
06/09/2019,2986.5
07/09/2019,3073.4
08/09/2019,3414.7
09/09/2019,3455.7
10/09/2019,3439.8
11/09/2019,3341.2
12/09/2019,3327.4
13/09/2019,3391.6
14/09/2019,3395
15/09/2019,3395
16/09/2019,3454.1
17/09/2019,3441.7
18/09/2019,3413.5
19/09/2019,3434.8
20/09/2019,3466.8
21/09/2019,3466.1
22/09/2019,3466.1
23/09/2019,3463.1
24/09/2019,3490.5
25/09/2019,3429.9
26/09/2019,3429.3
27/09/2019,3396.9
28/09/2019,3387.8
29/09/2019,3394.7
30/09/2019,3340.6
01/10/2019,2911.4
02/10/2019,3001.5
03/10/2019,2917.8
04/10/2019,2905.1
05/10/2019,2888.2
06/10/2019,2963.7
07/10/2019,3112.1
08/10/2019,3414.8
09/10/2019,3431.7
10/10/2019,3403.1
11/10/2019,3341.2
12/10/2019,3332
13/10/2019,3391.8
14/10/2019,3410.2
15/10/2019,3399.6
16/10/2019,3413.6
17/10/2019,3409.5
18/10/2019,3401.4
19/10/2019,3400.6
20/10/2019,3400.6
21/10/2019,3378.5
22/10/2019,3385.1
23/10/2019,3386.7
24/10/2019,3423.6
25/10/2019,3421.7
26/10/2019,3421
27/10/2019,3421
28/10/2019,3390.3
29/10/2019,3388.4
30/10/2019,3403
31/10/2019,3450.8
01/11/2019,2909.7
02/11/2019,2992.5
03/11/2019,2895.8
04/11/2019,2864
05/11/2019,2886.8
06/11/2019,2955.5
07/11/2019,3092.9
08/11/2019,3414.8
09/11/2019,3433.8
10/11/2019,3385
11/11/2019,3347.7
12/11/2019,3351.4
13/11/2019,3390.8
14/11/2019,3399.3
15/11/2019,3373.2
16/11/2019,3376.3
17/11/2019,3376.3
18/11/2019,3397.4
19/11/2019,3397.2
20/11/2019,3393.1
21/11/2019,3374.5
22/11/2019,3370.2
23/11/2019,3370.1
24/11/2019,3370.1
25/11/2019,3348.4
26/11/2019,3355.1
27/11/2019,3327.6
28/11/2019,3341.9
29/11/2019,3372.2
30/11/2019,3372.2
01/12/2019,2909.3
02/12/2019,2967.9
03/12/2019,2907.9
04/12/2019,2865
05/12/2019,2886.8
06/12/2019,2971.1
07/12/2019,3113
08/12/2019,3459
09/12/2019,3415.1
10/12/2019,3391.9
11/12/2019,3362.9
12/12/2019,3327.8
13/12/2019,3352.8
14/12/2019,3348
15/12/2019,3348
16/12/2019,3360
17/12/2019,3363.9
18/12/2019,3362.3
19/12/2019,3382.4
20/12/2019,3371.8
21/12/2019,3373.7
22/12/2019,3375.1
23/12/2019,3398
24/12/2019,3431
25/12/2019,3428
26/12/2019,3455.9
27/12/2019,3468.9
28/12/2019,3464.2
29/12/2019,3464.2
30/12/2019,3469.4
31/12/2019,3477.3
01/01/2020,3477.6
02/01/2020,3649.3
03/01/2020,3672.8
04/01/2020,3909
05/01/2020,4145.9
06/01/2020,4216.3
07/01/2020,4293.3
08/01/2020,4748
09/01/2020,4621.7
10/01/2020,4481
11/01/2020,4505.3
12/01/2020,4280.8
13/01/2020,3516.1
14/01/2020,3517.2
15/01/2020,3529
16/01/2020,3536.5
17/01/2020,3559
18/01/2020,3550.6
19/01/2020,3550.6
20/01/2020,3558.8
21/01/2020,3562.4
22/01/2020,3555.4
23/01/2020,3582.8
24/01/2020,3596.1
25/01/2020,3596.1
26/01/2020,3596.1
27/01/2020,3625.8
28/01/2020,3588.7
29/01/2020,3607.6
30/01/2020,3625.1
31/01/2020,3646.3
01/02/2020,3495.6
02/02/2020,3649.3
03/02/2020,3716.3
04/02/2020,3951.9
05/02/2020,4140
06/02/2020,4160.6
07/02/2020,4260.9
08/02/2020,4748
09/02/2020,4565.8
10/02/2020,4474.3
11/02/2020,4530.2
12/02/2020,4330.2
13/02/2020,3607.3
14/02/2020,3636.2
15/02/2020,3638.5
16/02/2020,3638.5
17/02/2020,3621.3
18/02/2020,3678.5
19/02/2020,3696.1
20/02/2020,3741.4
21/02/2020,3796
22/02/2020,3792.9
23/02/2020,3792.9
24/02/2020,3830.1
25/02/2020,3801.8
26/02/2020,3790.1
27/02/2020,3772.9
28/02/2020,3670.3
29/02/2020,3672.8
01/03/2020,3565.4
02/03/2020,3610.8
03/03/2020,3844.6
04/03/2020,3979.1
05/03/2020,4127.5
06/03/2020,4106.5
07/03/2020,4255
08/03/2020,4769.8
09/03/2020,4553.6
10/03/2020,4472.6
11/03/2020,4572.6
12/03/2020,4364.6
13/03/2020,3601.7
14/03/2020,3631.3
15/03/2020,3631.3
16/03/2020,3569.3
17/03/2020,3633.9
18/03/2020,3591.5
19/03/2020,3544.1
20/03/2020,3607.3
21/03/2020,3635
22/03/2020,3635
23/03/2020,3814.2
24/03/2020,3969.8
25/03/2020,3915
26/03/2020,3907.8
27/03/2020,3895.9
28/03/2020,3894.1
29/03/2020,3925.1
30/03/2020,3927.5
31/03/2020,3818.4
01/04/2020,3573.5
02/04/2020,3545.5
03/04/2020,3869.8
04/04/2020,3974
05/04/2020,4138.5
06/04/2020,4160.7
07/04/2020,4254.4
08/04/2020,4855.5
09/04/2020,4543.7
10/04/2020,4472.6
11/04/2020,4524.6
12/04/2020,4350.3
13/04/2020,4204.1
14/04/2020,4208.7
15/04/2020,4225.1
16/04/2020,4241.4
17/04/2020,4142.3
18/04/2020,4135.6
19/04/2020,4135.6
20/04/2020,4175.3
21/04/2020,4160.1
22/04/2020,4211.3
23/04/2020,4229.7
24/04/2020,4237
25/04/2020,4230.5
26/04/2020,4229.4
27/04/2020,4193.5
28/04/2020,4175.6
29/04/2020,4146.5
30/04/2020,4082.6
01/05/2020,3573.5
02/05/2020,3559
03/05/2020,3962.8
04/05/2020,3974
05/05/2020,4154.1
06/05/2020,4080.3
07/05/2020,4254.4
08/05/2020,4895.8
09/05/2020,4544.8
10/05/2020,4485.7
11/05/2020,4631
12/05/2020,4353.6
13/05/2020,4153.4
14/05/2020,4190.8
15/05/2020,4244.3
16/05/2020,4248.9
17/05/2020,4248.9
18/05/2020,4207.7
19/05/2020,4244.3
20/05/2020,4244
21/05/2020,4189.2
22/05/2020,4233.1
23/05/2020,4235.4
24/05/2020,4235.4
25/05/2020,4211.3
26/05/2020,4153.1
27/05/2020,4172.6
28/05/2020,4175.8
29/05/2020,4194.8
30/05/2020,4198
31/05/2020,4198
01/06/2020,3606.9
02/06/2020,3582.5
03/06/2020,4018.7
04/06/2020,4063.1
05/06/2020,4126.2
06/06/2020,4086.5
07/06/2020,4278.5
08/06/2020,4966.3
09/06/2020,4544.8
10/06/2020,4456.8
11/06/2020,4636.9
12/06/2020,4353.6
13/06/2020,4222.9
14/06/2020,4222.9
15/06/2020,4205.3
16/06/2020,4233.9
17/06/2020,4232.4
18/06/2020,4229.5
19/06/2020,4267.7
20/06/2020,4263.4
21/06/2020,4263.4
22/06/2020,4273.2
23/06/2020,4302.3
24/06/2020,4294.9
25/06/2020,4275.3
26/06/2020,4298.7
27/06/2020,4297.5
28/06/2020,4297.5
29/06/2020,4294.9
30/06/2020,4320
01/07/2020,3625.4
02/07/2020,3607.7
03/07/2020,3977.1
04/07/2020,4015.8
05/07/2020,4176.9
06/07/2020,4086.5
07/07/2020,4320.2
08/07/2020,4892.1
09/07/2020,4547.1
10/07/2020,4443.8
11/07/2020,4636.1
12/07/2020,4403.2
13/07/2020,4349.9
14/07/2020,4376.6
15/07/2020,4370
16/07/2020,4335.4
17/07/2020,4355.8
18/07/2020,4352.3
19/07/2020,4352.3
20/07/2020,4362.2
21/07/2020,4403.8
22/07/2020,4475.2
23/07/2020,4533.9
24/07/2020,4564.1
25/07/2020,4561.9
26/07/2020,4561.9
27/07/2020,4651.8
28/07/2020,4696.5
29/07/2020,4727.9
30/07/2020,4693.7
31/07/2020,4751.7
01/08/2020,3564.6
02/08/2020,3605
03/08/2020,3977.1
04/08/2020,4011.8
05/08/2020,4134.1
06/08/2020,4112
07/08/2020,4351.7
08/08/2020,4894.1
09/08/2020,4571.2
10/08/2020,4455.9
11/08/2020,4636.1
12/08/2020,4427.9
13/08/2020,4692.7
14/08/2020,4668.1
15/08/2020,4672.6
16/08/2020,4672.6
17/08/2020,4763.9
18/08/2020,4793
19/08/2020,4667.9
20/08/2020,4700.9
21/08/2020,4666.1
22/08/2020,4660.4
23/08/2020,4660.4
24/08/2020,4585.5
25/08/2020,4597.6
26/08/2020,4655.5
27/08/2020,4570.9
28/08/2020,4614.3
29/08/2020,4611.1
30/08/2020,4611.1
31/08/2020,4640.6
01/09/2020,3548.9
02/09/2020,3605
03/09/2020,4004.7
04/09/2020,4107.2
05/09/2020,4131.6
06/09/2020,4156.4
07/09/2020,4349.2
08/09/2020,4890.5
09/09/2020,4585.2
10/09/2020,4516.5
11/09/2020,4436.8
12/09/2020,4346.1
13/09/2020,4579.2
14/09/2020,4613.7
15/09/2020,4616.2
16/09/2020,4626.1
17/09/2020,4592.2
18/09/2020,4609
19/09/2020,4608.7
20/09/2020,4608.7
21/09/2020,4512.7
22/09/2020,4485.3
23/09/2020,4410.5
24/09/2020,4421.2
25/09/2020,4402.9
26/09/2020,4403.1
27/09/2020,4403.1
28/09/2020,4457.6
29/09/2020,4490.5
30/09/2020,4458.7
01/10/2020,3550.7
02/10/2020,3603.1
03/10/2020,3890.1
04/10/2020,4118.1
05/10/2020,4133.3
06/10/2020,4221.5
07/10/2020,4341.1
08/10/2020,4869.1
09/10/2020,4586.4
10/10/2020,4519.3
11/10/2020,4473.6
12/10/2020,4343.3
13/10/2020,4460.7
14/10/2020,4473.4
15/10/2020,4493.3
16/10/2020,4478.6
17/10/2020,4476.7
18/10/2020,4476.7
19/10/2020,4481
20/10/2020,4503.8
21/10/2020,4550.4
22/10/2020,4505
23/10/2020,4509.9
24/10/2020,4509.9
25/10/2020,4509.9
26/10/2020,4517.4
27/10/2020,4521
28/10/2020,4470.4
29/10/2020,4466.5
30/10/2020,4494.4
31/10/2020,4499.6
01/11/2020,3559.6
02/11/2020,3590.7
03/11/2020,3894.9
04/11/2020,4119
05/11/2020,4137.8
06/11/2020,4224.5
07/11/2020,4341.7
08/11/2020,4594.8
09/11/2020,4579.2
10/11/2020,4519.3
11/11/2020,4457.2
12/11/2020,4350.1
13/11/2020,4514.3
14/11/2020,4516.7
15/11/2020,4516.7
16/11/2020,4505.2
17/11/2020,4507.5
18/11/2020,4457.8
19/11/2020,4435.3
20/11/2020,4458
21/11/2020,4454.5
22/11/2020,4454.5
23/11/2020,4382.7
24/11/2020,4284.4
25/11/2020,4282.7
26/11/2020,4286.9
27/11/2020,4241.1
28/11/2020,4242.4
29/11/2020,4242.4
30/11/2020,4230.6
01/12/2020,3559.6
02/12/2020,3582.1
03/12/2020,3745.9
04/12/2020,4119
05/12/2020,4113.1
06/12/2020,4222.5
07/12/2020,4341.7
08/12/2020,4593.8
09/12/2020,4579.2
10/12/2020,4526.1
11/12/2020,4496.9
12/12/2020,4355.1
13/12/2020,4355.1
14/12/2020,4313.6
15/12/2020,4368.2
16/12/2020,4406.2
17/12/2020,4447.9
18/12/2020,4437.8
19/12/2020,4443.1
20/12/2020,4443.1
21/12/2020,4454.2
22/12/2020,4423.1
23/12/2020,4434.4
24/12/2020,4439.3
25/12/2020,4437.9
26/12/2020,4437.9
27/12/2020,4455.5
28/12/2020,4424.6
29/12/2020,4427.6
30/12/2020,4441.9
31/12/2020,4440.4
01/01/2021,4443.1
02/01/2021,4365.3
03/01/2021,4050.3
04/01/2021,4065.8
05/01/2021,4207.6
06/01/2021,4441.9
07/01/2021,4250
08/01/2021,4331.1
09/01/2021,4249.7
10/01/2021,4186.7
11/01/2021,4308.2
12/01/2021,4285.9
13/01/2021,4351.8
14/01/2021,4329.9
15/01/2021,4293.7
16/01/2021,4289.1
17/01/2021,4291
18/01/2021,4317.4
19/01/2021,4321.6
20/01/2021,4374.2
21/01/2021,4378.5
22/01/2021,4349.4
23/01/2021,4345.3
24/01/2021,4345.3
25/01/2021,4345.8
26/01/2021,4334.2
27/01/2021,4315.4
28/01/2021,4311.3
29/01/2021,4329.2
30/01/2021,4326.4
31/01/2021,4326.4
01/02/2021,4443
02/02/2021,4298.2
03/02/2021,4081.4
04/02/2021,4089.1
05/02/2021,4207.6
06/02/2021,4469.7
07/02/2021,4275.5
08/02/2021,4327.7
09/02/2021,4243.4
10/02/2021,4190.7
11/02/2021,4282.6
12/02/2021,4255.9
13/02/2021,4251.6
14/02/2021,4251.6
15/02/2021,4240.6
16/02/2021,4200.3
17/02/2021,4141.9
18/02/2021,4135.3
19/02/2021,4146
20/02/2021,4155.2
21/02/2021,4155.4
22/02/2021,4202.5
23/02/2021,4193.6
24/02/2021,4176.3
25/02/2021,4147.9
26/02/2021,4089.1
27/02/2021,4097.9
28/02/2021,4097.9
01/03/2021,4443
02/03/2021,4284
03/03/2021,4023.2
04/03/2021,4089
05/03/2021,4246.1
06/03/2021,4387.3
07/03/2021,4273.7
08/03/2021,4313.9
09/03/2021,4284.2
10/03/2021,4190.7
11/03/2021,4234.6
12/03/2021,4310.6
13/03/2021,4029.9
14/03/2021,4030
15/03/2021,4029.1
16/03/2021,4030.5
17/03/2021,4050.3
18/03/2021,4049.6
19/03/2021,4051.8
20/03/2021,4058.6
21/03/2021,4058.6
22/03/2021,4039.1
23/03/2021,4026.9
24/03/2021,4043.5
25/03/2021,4025
26/03/2021,4030.7
27/03/2021,4028.9
28/03/2021,4028.9
29/03/2021,3996
30/03/2021,3965.3
31/03/2021,4013.2
01/04/2021,4554.1
02/04/2021,4204.2
03/04/2021,3989.6
04/04/2021,4089
05/04/2021,4212.6
06/04/2021,4426.9
07/04/2021,4273.7
08/04/2021,4315.7
09/04/2021,4282.8
10/04/2021,4231.2
11/04/2021,4291.6
12/04/2021,4306.8
13/04/2021,4211.9
14/04/2021,4183.5
15/04/2021,4233.5
16/04/2021,4250.2
17/04/2021,4249.9
18/04/2021,4249.2
19/04/2021,4257.6
20/04/2021,4304
21/04/2021,4338.2
22/04/2021,4302.6
23/04/2021,4269.6
24/04/2021,4271.1
25/04/2021,4271.1
26/04/2021,4274.8
27/04/2021,4252.9
28/04/2021,4252.5
29/04/2021,4221.7
30/04/2021,4205.7
01/05/2021,4580.3
02/05/2021,4231.8
03/05/2021,3989.7
04/05/2021,4063.8
05/05/2021,4230.4
06/05/2021,4426.4
07/05/2021,4273.8
08/05/2021,4304.8
09/05/2021,4282.8
10/05/2021,4213
11/05/2021,4327.9
12/05/2021,4306.8
13/05/2021,4308.5
14/05/2021,4333.1
15/05/2021,4336.7
16/05/2021,4336.7
17/05/2021,4387.9
18/05/2021,4386.1
19/05/2021,4397.9
20/05/2021,4400.6
21/05/2021,4399.4
22/05/2021,4401.8
23/05/2021,4401.8
24/05/2021,4407.9
25/05/2021,4440.7
26/05/2021,4422.8
27/05/2021,4429.9
28/05/2021,4425.3
29/05/2021,4424.7
30/05/2021,4424.7
31/05/2021,4438.8
01/06/2021,4512.6
02/06/2021,4238.8
03/06/2021,3995.4
04/06/2021,4111.6
05/06/2021,4287.7
06/06/2021,4426.4
07/06/2021,4313.3
08/06/2021,4196.8
09/06/2021,4280
10/06/2021,4233.8
11/06/2021,4330.1
12/06/2021,4303.5
13/06/2021,4413.6
14/06/2021,4385.5
15/06/2021,4377.7
16/06/2021,4333
17/06/2021,4225.2
18/06/2021,4195.3
19/06/2021,4199.7
20/06/2021,4199.7
21/06/2021,4243.2
22/06/2021,4232.7
23/06/2021,4232.3
24/06/2021,4225.8
25/06/2021,4238.9
26/06/2021,4242.3
27/06/2021,4244.4
28/06/2021,4241.7
29/06/2021,4197.8
30/06/2021,4224.7
01/07/2021,4522.6
02/07/2021,4238.8
03/07/2021,3995.4
04/07/2021,4149
05/07/2021,4310.8
06/07/2021,4439.6
07/07/2021,4330.3
08/07/2021,4201.7
09/07/2021,4225.6
10/07/2021,4217.8
11/07/2021,4330.1
12/07/2021,4324.3
13/07/2021,4332.6
14/07/2021,4368.3
15/07/2021,4376.7
16/07/2021,4340.7
17/07/2021,4341.2
18/07/2021,4341.2
19/07/2021,4360.4
20/07/2021,4332.1
21/07/2021,4310.6
22/07/2021,4319
23/07/2021,4304.1
24/07/2021,4306.7
25/07/2021,4306.7
26/07/2021,4294.3
27/07/2021,4308.6
28/07/2021,4317.7
29/07/2021,4357.9
30/07/2021,4331.7
31/07/2021,4331.1
01/08/2021,4347.3
02/08/2021,4293.9
03/08/2021,3967.3
04/08/2021,4203.8
05/08/2021,4306.9
06/08/2021,4436.3
07/08/2021,4327.2
08/08/2021,4217
09/08/2021,4236.8
10/08/2021,4230.2
11/08/2021,4331.7
12/08/2021,4324.5
13/08/2021,4236
14/08/2021,4239.8
15/08/2021,4239.8
16/08/2021,4255.5
17/08/2021,4261.3
18/08/2021,4259.9
19/08/2021,4254.5
20/08/2021,4250.5
21/08/2021,4248.4
22/08/2021,4251.2
23/08/2021,4293.4
24/08/2021,4293.8
25/08/2021,4259.5
26/08/2021,4266.1
27/08/2021,4292.6
28/08/2021,4287.1
29/08/2021,4287.1
30/08/2021,4260.6
31/08/2021,4252.5
01/09/2021,4351.3
02/09/2021,4297.9
03/09/2021,4017.1
04/09/2021,4180.6
05/09/2021,4306.9
06/09/2021,4425.4
07/09/2021,4325
08/09/2021,4135.9
09/09/2021,4236.9
10/09/2021,4238
11/09/2021,4360
12/09/2021,4313
13/09/2021,4235.7
14/09/2021,4268.9
15/09/2021,4230.7
16/09/2021,4141.4
17/09/2021,4142.1
18/09/2021,4150.6
19/09/2021,4150.6
20/09/2021,4173.9
21/09/2021,4202.1
22/09/2021,4188.3
23/09/2021,4142.4
24/09/2021,4138.7
25/09/2021,4147.6
26/09/2021,4147.6
27/09/2021,4145.2
28/09/2021,4127.3
29/09/2021,4117.8
30/09/2021,4186.3
01/10/2021,4351.3
02/10/2021,4304.8
03/10/2021,4024.4
04/10/2021,4183.6
05/10/2021,4334.4
06/10/2021,4449.4
07/10/2021,4324.1
08/10/2021,4129.6
09/10/2021,4220.8
10/10/2021,4238
11/10/2021,4409.3
12/10/2021,4333.2
13/10/2021,4331
14/10/2021,4327.4
15/10/2021,4259.8
16/10/2021,4252
17/10/2021,4252
18/10/2021,4262.3
19/10/2021,4266.9
20/10/2021,4287.3
21/10/2021,4288.1
22/10/2021,4318
23/10/2021,4315
24/10/2021,4314.9
25/10/2021,4350.9
26/10/2021,4316.7
27/10/2021,4330.2
28/10/2021,4318.4
29/10/2021,4290.6
30/10/2021,4289.6
31/10/2021,4289.6
01/11/2021,4357.2
02/11/2021,4257.8
03/11/2021,4022.9
04/11/2021,4183.6
05/11/2021,4328.2
06/11/2021,4409.5
07/11/2021,4324.1
08/11/2021,4172.5
09/11/2021,4219.4
10/11/2021,4242.8
11/11/2021,4441.1
12/11/2021,4333.5
13/11/2021,4450.7
14/11/2021,4450.7
15/11/2021,4455.6
16/11/2021,4421.4
17/11/2021,4443.8
18/11/2021,4423.3
19/11/2021,4410.1
20/11/2021,4404.2
21/11/2021,4404.2
22/11/2021,4311.2
23/11/2021,4275
24/11/2021,4273.5
25/11/2021,4278.3
26/11/2021,4315.7
27/11/2021,4318.9
28/11/2021,4318.9
29/11/2021,4303.9
30/11/2021,4277
01/12/2021,4353.2
02/12/2021,4238.1
03/12/2021,4017.1
04/12/2021,4170.4
05/12/2021,4305.5
06/12/2021,4413.6
07/12/2021,4319.4
08/12/2021,4181.5
09/12/2021,4219.4
10/12/2021,4264.7
11/12/2021,4448.9
12/12/2021,4333.5
13/12/2021,4351.4
14/12/2021,4328.2
15/12/2021,4348.7
16/12/2021,4399.8
17/12/2021,4394.4
18/12/2021,4389.5
19/12/2021,4389.5
20/12/2021,4354.1
21/12/2021,4346.5
